load_ratio,generation_ratio,battery_soc,critical_load,hour,decision_class
85.30714315613761,65.31365206477157,63.6800589424246,1,16,1
63.5270985838834,64.07270147923224,81.30437534533621,0,4,0
90.80886479423987,86.28375398710287,77.77659462584587,0,1,2
80.32892188885864,76.84262173941423,90.32873453155784,0,19,1
41.12152761269722,22.126221199783338,82.51954285080713,0,20,1
98.41545285638914,23.956730971681253,32.25403747715,1,2,1
84.47408062937293,68.12467619648126,60.0289664388185,1,2,1
86.094179843002,58.89536604978204,36.7670763184222,0,14,2
43.327386123910486,40.81477242743931,39.68068415963522,0,0,1
64.27508596321186,53.49248698518413,93.87499323069967,1,17,0
59.101871575117784,80.63282549862885,71.37063145603662,1,21,0
95.23972427515912,86.12891877263439,97.71313719259953,0,18,2
76.8512328052432,64.89784543120354,47.52212830468701,1,5,1
88.47950486260395,50.82955846856824,58.36938160185789,0,4,2
63.821922923776526,41.65574091960856,53.840387792477955,0,16,1
49.7705169160105,61.75347766154027,19.655835177135422,0,1,0
71.04801115602926,45.17996948515048,31.3031795073943,1,12,1
39.14812164677139,65.12761096377784,57.487272454403396,0,10,0
88.79602617951784,74.13219060077101,16.06368746197056,0,17,2
76.05818594293422,25.286336873551587,93.83157363780003,0,4,1
84.2757031055493,20.08539720181978,21.145931374903373,0,18,1
58.044187928441445,36.98217110725943,27.81826717752164,1,16,1
98.09537158566872,91.56091981750248,78.8789101544773,0,5,2
93.05287288594285,71.70326105828474,18.724108761038234,0,8,2
85.59492730979451,33.75682815496183,91.02502896538684,1,1,1
47.65151601037789,91.2211169458895,75.31308736502821,1,10,0
65.33686524225722,57.5964752229872,16.1758771397973,0,6,0
37.84724477616987,58.08734053429285,72.26623551570876,1,2,0
45.02881698439061,94.84335550741241,66.8465687954186,1,13,0
79.39818196075956,24.758935374667203,78.16144894659267,1,13,1
83.40954013400811,37.214261970297486,84.53780672404022,1,2,1
97.88813260822366,66.8617060123778,74.65155068558396,1,4,1
56.17864827897988,35.638920766560325,62.755866574387476,0,1,1
59.07988089226647,74.36216073671662,39.02169867235999,0,16,0
65.52112773292751,37.12738314693762,72.75462956469363,0,8,1
47.31563834047857,27.93255764790515,96.12744261677015,0,1,1
43.44489784680566,36.55881277126718,62.87696024759868,1,4,1
65.9208202046857,53.81872274176498,69.79103815908286,0,23,0
49.74910768830747,34.09106393384639,49.34152379798206,0,6,1
78.53790965436318,30.775361993867783,78.0508728768767,1,16,1
63.4148747267015,88.82255089751527,99.79006531047723,1,11,0
89.12408274375943,45.631776287784625,24.43503916609625,1,4,1
80.5172316301462,48.860694921460286,28.216475155338607,0,7,1
55.30383168983267,24.421632760098213,58.54939827979506,0,0,1
89.09688709068807,48.58956988016433,53.32378575354924,1,17,1
87.30968323729212,41.184574185726376,61.44128060560469,0,8,2
60.18609463696134,68.83880538734309,14.416664295184574,0,11,0
53.74132675546586,36.431223813792535,46.38488106974041,1,3,1
79.36220775837342,91.06923624502724,62.468043585900475,0,19,1
44.08391143460514,94.37332967356441,62.66722161744664,1,5,0
47.99403316088204,27.986484574143216,69.16005655915362,0,13,1
35.47854753381536,28.592236503086177,74.81944261023975,1,20,1
86.150084537639,29.226115048879038,67.73924830067709,1,17,1
78.21530567848208,69.56554050482495,81.12188398504915,1,14,1
80.83574961071179,29.75751713676983,66.22845712161325,0,21,1
85.74738701642792,88.19058543442131,58.375689628348404,1,4,1
64.8295254099921,80.3417211950314,64.55767859990297,1,23,0
71.96817773693809,85.58470865904192,19.10740300779991,1,13,0
44.086804878297734,62.08484215088167,34.5840886652968,0,9,0
42.444454779838274,99.73417692153228,57.465980259231806,0,6,0
78.44619251638065,23.5340082355329,88.56884938615364,0,17,1
65.62125339930361,52.10119713488907,71.11464006591937,0,23,0
71.74034692127728,45.914933515010894,18.136727062470783,1,16,1
84.72492573204167,95.89163989701129,63.3047455399964,1,0,1
76.2566908000384,66.14887667980743,29.956418887338906,1,11,1
70.98266104276973,84.49527723557802,76.06149038098506,1,17,0
71.34846544845189,33.62729549268151,84.46967672578725,1,9,1
54.756756374069795,98.29073151203511,63.4110645330976,0,18,0
37.00315924691606,59.891163750105214,63.222634877653874,0,16,0
63.386630300103555,59.493766101651666,40.473229888973265,1,1,0
48.948003733269395,97.67077828365902,50.162501904517846,0,13,0
61.55436184210135,50.458588897371605,87.76975184338109,0,4,0
90.4711997624308,51.80200196439944,75.09882978704408,1,11,1
50.20606658124715,66.78021622439493,56.77782937262588,1,9,0
38.789678209789294,30.244208843822953,43.14091476235339,0,19,1
53.28995298142978,45.68685011294839,14.53417644596989,0,20,1
54.08359425483444,35.45666579561044,22.87066611937466,0,11,1
78.02457345724818,28.262678328563968,27.372267058543358,1,12,1
71.2070899021831,89.29156850648161,43.604518893280726,1,15,0
85.95338359191688,67.14649329019808,94.97292823686472,1,15,1
78.1803801212802,48.693823322232895,55.46380553728738,1,15,1
61.41514599360458,52.693550189337024,31.135614693330798,0,18,0
87.91132500329226,54.52152029498837,19.517512371536267,1,23,1
45.85323979400076,70.65193457157676,40.44749721426676,0,19,0
36.47628475370093,94.14155131911946,83.41575719959512,0,3,0
40.85311095041671,94.6223695725586,44.50085140694571,1,11,0
81.95335778876927,51.31935836245307,79.52552254201721,1,11,1
65.02201996634018,46.340996767821565,82.24344785141909,0,12,1
45.48266563718411,56.0837200148204,19.97386927288337,0,12,0
67.56791038171863,65.43473843427941,64.77937773641054,0,17,0
44.90028667635595,56.945432915979865,96.31864570339997,1,10,0
80.26082438005284,72.70027278533607,46.19242674131985,1,6,1
64.00015791231199,64.35192187038109,14.584968010272004,0,10,0
59.76637969627136,45.65724373552609,93.09724212320907,0,20,1
54.598285794611975,47.65846446101061,89.52996534152346,0,7,1
75.96836855272775,50.287423004778475,56.99273024881016,0,0,1
58.51781968597038,27.571181459951095,59.70278083096087,0,23,1
40.69724475554656,33.285010593117846,29.056699249851242,0,4,1
42.670383637833496,77.8491041716309,83.75056799901736,0,14,0
97.52334819571844,51.1277369217664,54.87400345529138,1,19,1
94.05774489599446,37.16311780481149,13.049001562830085,1,6,1
80.48096369769871,65.01379284598858,71.4713460804098,0,8,1
52.281547494868775,80.44316339787417,95.54466428224355,1,6,0
97.99646452760206,40.593788987629715,84.62354413111753,0,3,2
85.61880875777665,86.14319055389956,34.94783261894858,1,3,1
81.59786229533472,94.20038877000397,14.799257644000658,0,4,1
64.20849763934626,67.79156232590725,94.63162712843625,1,10,0
52.69570151993534,73.51581271932636,94.33564523917313,0,12,0
41.265412539977454,24.20607922584443,57.917378774158244,1,0,1
93.66915577534971,95.64159128175251,67.80856705043816,0,20,2
64.62545883918472,51.3987787411955,51.63400546397275,1,16,0
48.15361871168997,93.91203204363438,47.77888303888828,0,1,0
54.88718056979241,66.31820198001941,20.750359233583033,1,20,0
72.64927198122324,20.36950390746621,18.70776085249864,0,0,1
46.49023089105006,23.083359945874857,30.945893200856872,1,13,1
90.67992846600441,74.43350445359376,85.29766717658899,0,11,2
84.30376943928866,65.01344110655465,23.1249070662112,1,12,1
81.76509213681089,22.12259497648595,30.402878672323965,1,22,1
63.08604758538174,79.47679689779082,59.37526533899868,1,22,0
75.7750746456588,88.17162696553454,29.361809627044696,0,6,1
72.96636797932781,59.71339859514466,24.68860162460084,0,13,0
77.2400291010633,57.2605952285804,60.6984617528166,0,23,1
40.48888087409279,20.437848706770197,43.128394389695394,1,17,1
62.02748114108962,82.93197699948794,66.35433572564223,1,21,0
37.70492130102301,46.45728533968843,92.09848063678086,0,10,1
67.10940325089373,90.30108958260317,23.58938182915609,1,6,0
56.44097880163105,49.844847004644244,92.20902938317575,0,12,1
44.394072276293045,65.20623285045644,91.22409706806268,1,19,0
41.72119290196586,41.6273430559462,84.61788250023126,0,22,1
73.19689719155127,32.84706500679349,66.81573255754768,0,16,1
46.0885429548976,81.99263227050623,65.81319917189927,0,16,0
95.13280769449182,59.72723830770253,67.52913939428514,0,12,2
72.76897408052568,62.91903390018006,72.14459960960318,0,7,0
57.546537294764406,97.23327627853884,11.483398053654131,0,10,0
73.40950694629208,97.08639297777229,96.22833212445848,0,11,0
36.482251616930334,88.45136973619228,62.70433853190218,0,19,0
97.30634886069394,35.00874342120269,80.33192554621795,1,13,1
66.34972340128851,67.5418155441264,43.955365515522686,0,19,0
85.8777897712686,90.251793972443,11.115749252421637,0,0,2
40.37744999495851,49.957114915915014,55.87611938887996,1,18,1
66.63279150448042,28.088493274846797,55.647110738433604,1,12,1
66.89595463304386,84.87703217919375,49.32903594803066,0,23,0
95.95871957337388,58.541084108973735,40.57453487458691,1,11,1
72.16232340444489,65.15141442873428,32.48434790287499,1,11,0
65.776811068702,98.57154370542756,57.47903870474645,1,3,0
52.35341810097309,68.57691443952577,43.77503257241447,0,19,0
56.55198482726589,53.99835085328811,97.29386947448279,0,16,0
68.84370616064996,49.59874942777582,25.56345769902383,0,20,1
63.52924491982803,53.40954341232365,38.76990108643783,1,2,0
36.404785192221475,29.4719266542935,36.45644238321139,1,5,1
88.70897507263325,83.58004467340575,58.89782586123613,1,21,1
93.25045016958484,87.01734865496329,54.93522312767331,1,1,1
44.1161907849097,42.751770765872706,67.93664188818458,0,12,1
71.0123493300382,44.303729472795524,95.5001593516787,0,9,1
42.05742317380383,89.94674050678506,35.66989769444807,1,22,0
78.69560604758776,21.917628442236435,72.34944123294969,1,20,1
53.28019594953554,61.63659550137822,12.253618270466525,0,21,0
77.86247125497361,57.09405717452008,33.614962546026206,0,6,1
82.25464992864737,75.21014156627677,51.73477551969335,1,14,1
84.9620869746477,33.07133601195636,12.789530963302102,0,16,1
42.003161487133276,73.46645926361231,65.5902514498275,0,23,0
94.54076993394452,50.13872062999012,71.04795475615373,1,0,1
49.963909408167254,69.49718225357137,77.2058543354242,0,23,0
37.431816151451685,23.207600789822074,56.491705435871104,0,8,1
71.06541051044641,56.93817577476075,64.3550198480764,1,3,0
59.109948451058514,61.78007151858977,45.64587261506385,0,14,0
88.93633330360686,37.14611222839893,13.712772925590627,1,18,1
87.53634568417962,31.169892334329656,18.995667019706175,0,3,2
55.6140280334765,35.07794424098411,68.94963317813176,0,0,1
96.93846067953342,47.53128624506785,99.59997696271986,0,21,2
53.90965947910771,27.744811944397718,11.422291524696655,1,22,1
68.47871340006145,95.78558365836835,60.18251471437445,0,3,0
51.637730886894175,52.39952491966538,77.59078775943021,1,21,0
95.84283205318262,84.71756820053992,84.40973452124908,0,21,2
45.69950814283118,97.95336984870774,59.06844111003761,0,23,0
37.91919026050138,26.458822400219127,65.79243821656945,1,5,1
63.281308900197466,72.13355743479951,72.70524507470981,1,13,0
99.50441166362941,89.71272693929711,87.30696247240876,1,23,1
92.95902230656941,70.73875471733827,21.00605834825368,0,21,2
83.65952126470171,54.32208970859301,93.35639766473771,0,14,1
92.90151190710412,54.486108611035064,12.3415663196413,1,4,1
93.07403158036111,22.871910880588715,85.25797758619979,0,2,2
68.72579342511918,62.76806010314203,16.906638390372756,0,6,0
55.535388369001545,99.4834397429478,27.516539044443004,1,1,0
85.18080808721422,96.69660207775473,10.350473174301936,1,4,1
78.00798210590446,23.231938307373056,50.07310349824366,0,1,1
59.287752376791154,76.46376029035906,40.0923304045653,1,18,0
41.14033342399849,44.14118933575446,24.93936203383246,1,14,1
83.5413247376867,92.23913227249093,50.59811447235157,0,12,1
52.0599335349862,23.609179656742285,46.213379485496546,1,19,1
95.89285478469566,94.86992816088645,79.08949294288674,1,9,1
50.66308737536951,86.99805950302215,90.38172754630291,0,9,0
42.979265606746594,29.40035058020812,68.73105265903737,0,4,1
89.0223236881189,24.785946985383937,21.19693498538715,0,10,2
44.96348058059211,86.77661314615487,36.58517152388656,1,4,0
46.65244003025304,32.46061367796635,92.19864671490518,0,14,1
73.95988144885483,62.79185223806964,17.986104370710024,0,23,0
91.8465326544352,93.25958863029676,46.617025545174386,0,12,2
47.768253271447264,65.39584908394588,94.82541573101331,0,7,0
55.171038738506155,51.778664117825926,95.55983573225372,0,16,0
85.53131448567655,55.60128438831938,47.00828593440032,1,19,1
98.16871769396288,25.049373656309683,70.06571992889177,1,11,1
67.54817710315226,97.5001857089279,51.107103851859904,0,6,0
44.353337665831305,44.852334806486624,77.81144854927075,0,17,1
35.905858701033104,35.149079333828304,12.842319762369865,0,4,1
49.927641949925594,42.88378414723162,22.97414340292226,1,23,1
43.56844415612387,97.14985559131831,65.27789231892393,1,7,0
79.04781378483574,27.54288427904056,30.929703619875724,1,8,1
42.91911280085452,89.3842432400945,69.94470693422338,1,17,0
67.91144555534115,76.62751155211582,41.61006347151685,0,0,0
80.12705831678761,86.40153433272225,89.79810023150392,0,4,1
72.77257959935865,98.07180322943171,83.73334470039877,0,3,0
47.98541735790374,87.37237244134975,54.355402006190396,1,9,0
87.26809420184708,95.47058810222823,79.56055783853719,0,13,2
81.50146342502711,30.15482054327358,34.40240976115814,0,4,1
83.03396025451022,83.6630852133576,54.48337991306764,1,8,1
43.51875385122536,63.65405552648382,27.773384667695034,1,18,0
43.0439972372724,63.47964760638885,87.47975516688945,0,22,0
95.291565815423,91.91372610564109,84.07608549115734,1,0,1
60.84258259862114,97.7443054917369,91.19347015681011,1,15,0
54.56166496576108,76.38706584345448,88.97292831018335,1,0,0
66.75796294784966,58.635071157742715,96.36366358535453,1,12,0
78.08617382963286,56.51230863214763,30.550260846873336,0,21,1
97.11551170805305,50.907316577854544,93.8641861715784,1,19,1
53.61900474733358,48.92792236581301,61.40918722167979,1,5,1
95.11254790528176,51.32054733475451,48.024557552633695,1,6,1
36.61586694010666,27.180258820095624,60.43365063710857,1,18,1
71.0878727512436,26.19488682083506,40.834212098525,1,19,1
76.20838225927054,82.38958750978495,35.96977062648569,1,6,1
41.88333124379896,55.68583143361809,31.718290417977588,1,0,0
44.12207380915432,94.45475908356964,17.418519051141413,1,10,0
62.24243075555975,68.9776806875162,54.690840743246866,1,14,0
97.80507428930682,22.81407857475358,89.89855081424987,0,10,2
73.74276596023424,32.60186730539836,66.71367723469461,1,22,1
95.64650940401373,36.46558344104061,56.887806948019616,0,19,2
87.28345951484309,98.05888195117285,48.57336264258249,1,18,1
65.37980410109395,37.49633809213079,51.79614636854728,1,0,1
86.00962420139219,61.260454103044104,28.834961281475586,1,20,1
36.159390958504204,94.89415453121569,84.06422894737875,1,18,0
42.094359789772774,98.17541839314859,27.854466695337525,0,9,0
88.91285996737787,38.90883483068357,74.49604810545817,0,14,2
86.79311074113551,23.929411500003212,78.39865103465374,1,19,1
50.12164822781819,32.28814660302068,61.73821378249608,1,21,1
69.50002338893847,25.066278296204647,87.66337374593456,1,13,1
74.3910283455007,35.60993928738691,36.1945317205585,1,0,1
91.40303199544073,65.48557717629883,89.34554991185769,1,14,1
74.20196522701717,92.99590370365135,75.64694136393737,0,16,0
61.81715200278922,62.9775106955472,81.88748449855846,0,1,0
59.321962821466876,70.07916453592645,69.81217385745828,1,19,0
62.682335614278145,36.14938012876329,86.17087152909724,1,4,1
77.37551666269832,84.046689653908,99.37889764458723,1,21,1
91.38689106390112,69.42311268044665,47.814656907217476,1,13,1
64.50329733495948,89.13094633541799,83.25241153386133,1,7,0
51.109571591838275,95.90744856046273,77.01217835662302,1,1,0
50.38305359484278,47.832062060527385,50.758314914081616,1,0,1
83.49092821582401,27.246324682835148,93.42540997592607,0,17,1
88.07696962255417,38.0743166333426,45.49833366153352,1,9,1
41.84307519051812,55.02732525406698,60.89193246486138,1,20,0
39.32632570208658,95.65549214595787,19.53481212918654,0,5,0
73.63818814416936,50.26478578987322,30.31976746596396,1,22,0
44.50126087252539,81.6618570932296,85.66265534803846,1,22,0
88.60317237966218,63.2381353736604,45.68974505459626,1,2,1
55.17175380506484,34.62470163447812,45.467568047373234,0,15,1
44.351675643124274,45.658729516276125,32.13829163715582,1,22,1
94.86308071168426,72.2553508018255,54.24493008677089,0,7,2
45.75956197779308,73.82827157479147,82.52352652155602,1,1,0
53.50680535196581,54.780779744723695,90.56477059963656,1,21,0
44.98487068748381,38.29164821296917,16.31029888397655,1,11,1
42.50685413824807,77.75254236101411,61.73386581161039,1,0,0
36.3746210618686,33.50984332901718,52.05460311031011,0,20,1
38.60070159567691,94.93357534921013,65.28536654244205,1,16,0
46.351695610830426,35.03228632291814,50.25481182174422,1,1,1
38.4698256207664,28.584989026601633,45.878033876807365,0,6,1
73.42434804721313,59.811816189230306,52.469264118654046,0,0,0
79.24644424196791,61.56396784877552,62.37992158807727,0,22,1
60.585979694081836,60.655433182259586,55.08848899285991,1,0,0
55.66942130188321,54.93339914710716,52.493000591858156,1,19,0
67.79420540644496,99.58519142636867,83.60517789622726,1,12,0
91.87532124524955,58.902449013646546,77.10831921140719,1,13,1
90.32355574344339,58.23572645918648,40.724064476307355,0,19,2
37.82587903083147,53.741285017164905,82.05194057637884,1,21,0
46.79739662377406,25.34606037611703,86.82856021040502,0,3,1
50.38841662178574,67.43653049196928,23.814298483677145,0,0,0
51.210192429093766,38.23742177785459,62.44142155576829,0,2,1
72.13012236328024,71.008718418324,35.67807942392924,0,16,0
62.05705767070749,24.066676955878172,76.52550897340502,1,13,1
38.20151779529361,98.51096810024013,31.490679642281492,1,2,0
59.284918999872154,57.52040632101377,70.42631717557286,1,5,0
69.04394166664642,91.74042972725587,32.96121904518705,0,12,0
41.60867368874154,58.04489385863478,56.002938708694884,0,17,0
89.17480599625638,24.82646548593774,95.3781821124573,0,8,2
38.37752132023178,85.77708368750456,44.317678461079105,1,22,0
95.11472148617403,71.85469837337075,88.81646373668869,0,23,2
41.44235420269191,82.54056380591561,98.82501230835051,0,18,0
89.83237185385393,54.253589080709865,88.7365763924647,1,10,1
93.67245435529512,71.0349395397316,24.92794267510086,1,21,1
98.67209423812852,88.4983203037286,83.76923975816467,1,17,1
87.13168221778358,70.485235429751,12.893445559050512,0,12,2
85.66604015013638,47.813890786872264,45.39716953293771,1,10,1
76.7614129397106,73.002367549296,88.36600359860775,0,19,1
85.63476304757839,73.74833508912539,71.98769914839278,1,13,1
43.74589354685456,96.84695700053,57.94663846040903,0,4,0
69.84442233659642,49.67298572333354,44.90776225743585,1,23,1
68.42448656237694,54.00654140113049,83.10672518232575,1,1,0
90.74218936796623,84.96983689496473,73.86025635533989,1,16,1
65.08195876357853,60.460985179419296,52.1564787654106,0,15,0
60.03081724652297,78.92584744925864,90.32359034886939,0,14,0
76.57161263041215,56.77675715628737,30.695321603676916,1,1,1
52.32011563755499,37.23961134501604,25.33523582427624,1,11,1
44.084946712007195,79.61630742248087,67.85233879002234,0,21,0
66.06202281154347,30.492413534776794,97.47949084315933,0,5,1
62.09780895866753,35.88669308250465,32.25309159760933,0,16,1
50.11704613437679,70.1459986227367,32.47033410404438,0,20,0
58.888267657483325,79.78158401536558,22.554896316597095,0,22,0
58.815509238706085,91.5750309494252,87.45071997462689,0,12,0
56.28721168681545,41.806919793271334,30.37577863702007,0,7,1
59.665165182250384,28.857940688044348,55.286067405239905,0,16,1
79.57331745463645,96.48373276181033,99.17852302019841,1,11,1
54.296970847133544,32.353847041771395,11.09268108298392,0,15,1
96.67576523649713,35.81335858037116,60.08374814597147,0,17,2
94.56262126998156,43.30635628467726,56.10601384344512,0,17,2
66.2591778395051,62.351308322102994,82.67026387691392,1,5,0
56.34347832530477,90.62604528272624,41.97533855974993,0,18,0
69.80326133895021,80.84368181838936,46.93072230091374,0,13,0
90.1564317702856,76.65260430741081,25.114418253897732,0,22,2
77.41817713640663,34.01444542848029,76.6733708472208,0,15,1
87.28546881656004,48.61461052207794,80.62380182693335,0,21,2
69.62694794427311,58.272394086934234,22.299698870094723,0,23,0
76.13964590239536,31.794076278846866,45.411136658948955,1,23,1
53.73011492186001,41.8743761701338,90.36144958264147,0,17,1
82.7680555501689,44.66665631622754,10.243654630820844,0,14,1
48.156298553171695,30.182095866323138,36.88831635603691,1,2,1
80.16187837320238,64.01917535266061,59.953805654729294,1,9,1
90.94673944118311,76.40225572193543,40.0684473693958,1,11,1
43.58668442460036,25.594530518148897,34.48406702599024,0,18,1
74.93468313522479,58.48984814105198,51.403373641289136,0,14,0
41.18122363494575,82.5768956214236,26.337079729872436,0,10,0
82.17151583764274,79.83921031619575,57.66627168635355,1,3,1
40.49205922352881,85.20584769750033,73.60263291819032,0,17,0
95.83608847554069,55.85925065364856,61.7765457365652,1,10,1
43.93151545245714,85.64456661118885,18.379839777267783,1,0,0
97.32721598409023,39.260245697141556,85.9967752749016,1,6,1
87.05747144553129,48.86484491340123,25.748005373873937,0,21,2
73.58933029031301,34.10844611342411,78.83308005500157,1,2,1
85.87056680092056,57.398763154285746,42.45085996982654,0,9,2
86.68246453390059,51.36480179323546,80.44852132504921,1,12,1
96.49175908312647,39.274169313144974,28.564561306481117,1,2,1
51.469917999547164,80.14245673846253,26.79958933258868,1,3,0
73.3549331982901,45.107741768931724,54.732326159573404,0,22,1
41.17819784168608,41.82434641166686,12.964241322852445,1,14,1
75.05077050156788,30.471226468039603,30.276760490410005,0,5,1
46.133934766031274,55.1057361441559,75.16110269659134,0,4,0
71.72178974570872,44.23717030698416,85.36451304748829,0,10,1
72.20798341220024,49.54182730727749,17.27068275440294,1,17,1
65.28903494377977,38.87978100964421,89.38699384942939,1,17,1
68.97106540835298,81.05243918559204,81.77654836478611,0,4,0
84.65502035042822,94.40026778837739,88.27158661362688,1,17,1
86.95090657328433,59.834548223111014,72.85856991209559,1,21,1
66.98995901240289,71.43987386726661,70.67377605645683,0,5,0
73.9735736989698,89.37378212853648,57.258391001037744,1,0,0
95.53035531985662,99.90637098669269,68.75085020421835,1,23,1
42.78268325257298,69.08131877838656,92.71986981099447,0,12,0
42.61173178350718,91.18235732318949,19.04698012750376,0,18,0
40.701085774199946,92.68865972445136,38.41880300614821,1,7,0
77.76111352763431,83.31611902460978,16.520947623628466,0,7,1
62.20953955137466,56.87451128584882,95.03246547496346,1,5,0
85.33089204921981,26.492320033911945,50.07389193994492,0,5,2
78.63004186505852,21.264444435210706,70.78100236085696,0,11,1
56.68645429133548,58.17605066263397,85.70080580538892,0,2,0
93.39382557849981,59.545162682769416,99.19002232688398,1,20,1
84.5645895595924,52.588991029037786,24.560421201303917,1,12,1
52.58477115916142,65.45338810330917,81.95613451464058,1,21,0
58.67248115518351,64.17301626435417,89.86806083230627,0,12,0
55.43859871327709,86.92904328261544,14.398783916578806,1,7,0
45.24475716062498,28.69256826098099,77.86815041670161,1,12,1
44.60591921524246,38.014213288443635,41.92527890768953,0,3,1
95.84828511942337,83.44039831677043,68.37371123233888,1,19,1
63.46376241791896,87.82694937789236,56.264337643497825,0,17,0
59.91578848053164,99.58593708966943,33.37680268779732,1,3,0
82.42957106402957,89.83296131096674,22.169922580358744,1,13,1
70.9445492414385,91.19192056578649,20.525250978028744,0,12,0
95.84909914450004,45.14783541039239,19.299057193764252,0,4,3
85.71959710411049,52.13293072075011,67.401103612112,1,2,1
66.15902166809512,41.44680838564408,41.62697662595843,0,18,1
59.4633657762537,68.50395185541726,29.49700943852852,0,6,0
99.13105042008094,95.10442833656307,72.26965834353128,0,12,2
81.65441534023682,47.57127092092942,71.81646091898202,1,5,1
96.82765290024967,64.56014255051602,58.52514631212979,0,15,2
42.70110751910769,43.70397043627881,94.14620351792658,0,1,1
90.28468914740087,33.5839979018166,44.68728082972792,1,8,1
76.40980245942849,35.61484238549245,85.22766741423636,0,13,1
42.92490909178232,24.635627563050395,16.76254671389767,1,10,1
73.23676999799935,95.94348184074059,76.5847984634654,1,14,0
79.59626373185418,52.23036868061037,98.9602672448737,1,4,1
35.79967458275918,86.72967136016865,86.19383946590352,0,10,0
64.53066751971352,74.50635781517529,62.169824737905344,1,18,0
88.65096822776087,35.35369291288683,66.40894578944446,1,8,1
54.19833664736584,34.036979726327026,41.79605944932521,0,3,1
64.80562531690582,84.95905612084358,71.15366964322936,0,20,0
63.75041825941305,41.17693684956299,79.33558448631943,0,18,1
54.62528044376195,93.06281469615806,99.84056330060685,0,16,0
94.69872320851103,31.20443237515925,54.32166253003897,0,19,2
85.78411230304853,74.21668915635756,15.517365919609805,0,18,2
42.18824671474718,85.15791008247471,63.627215565788674,0,17,0
99.80725275944225,38.8205110732516,20.712173498395174,0,12,3
92.14800158000344,42.096589076525284,32.028853920049905,0,0,2
53.45404846116253,97.16151089113613,39.59019201751635,1,14,0
89.39827767796098,41.16780842769266,75.79268858335695,0,6,2
41.917269571639885,54.39656399200382,26.542731149065048,0,18,0
99.94180748082552,54.601247459389285,24.917765215811727,0,11,3
78.2695078469249,40.242779994374686,14.046781824894472,0,21,1
77.2581260113218,82.06328691496724,88.59159427184927,0,14,1
40.87864725396863,81.74794745833242,72.41548819204546,0,13,0
93.30717092828064,50.265441137902855,13.595181905586385,1,22,1
36.88496770829051,86.8100632864587,12.546307507430312,1,11,0
50.653823772674556,37.04599475192019,60.28068668275505,1,9,1
44.29642188583128,20.34446205341429,35.428096115803996,1,8,1
85.4899161449942,65.69338896445927,63.70537153887359,1,21,1
47.88327476883836,99.52622179619028,49.11437581128688,0,18,0
94.19148476350755,23.09154478615077,93.09813060792291,1,3,1
77.65748755628687,36.639845896676846,35.90281134652311,1,11,1
37.35057618215525,61.51317139896673,71.12308315950042,1,8,0
35.35293921836553,84.79525891558966,14.864888045673927,1,15,0
38.35776460593593,27.12336040600426,96.02744807700329,0,1,1
74.38513654710229,51.61877230071155,98.2681721117517,1,17,0
87.09631770586199,79.76606405039091,76.51671661147712,1,17,1
50.50593334078025,49.723456672508924,51.86912244072158,0,5,1
90.21157478999974,35.10691363805112,29.79940953945352,0,3,2
38.72007610996192,35.63966619172699,83.12647062231683,1,15,1
87.06265048670895,52.80390295319954,76.271868743232,0,6,2
95.30670296119823,58.35336598447129,29.975863560485415,0,22,3
85.18704594178473,88.94515342528112,50.60937647415391,0,18,2
80.37785095861142,71.38019348543949,51.651904403510656,1,22,1
89.4687142125999,75.23215636124011,84.37694949754382,0,12,2
37.60983447055932,98.63897372287256,71.54602159006689,0,22,0
48.115837196738596,52.9474752240779,67.88507891860496,0,0,0
43.1200391548668,52.26835225993027,68.48446803069506,0,6,0
67.79451436254413,93.86775741806498,34.3423071444231,1,0,0
83.43722834137489,39.67004696040469,43.45401338465806,1,16,1
75.95076989746592,78.38521970422933,14.109605689303553,1,12,1
90.32352148452577,80.36585105745077,80.82470222309114,1,6,1
45.08884450867091,27.823039795635445,48.96983936528325,1,7,1
82.7503709757855,57.45851245548672,49.44145213788162,0,15,1
47.54769690647876,36.04499770572432,32.08206384402641,1,4,1
52.599318835657016,34.83002182419885,28.848455331348603,0,12,1
81.14380532328475,57.106248837030094,62.90397366121263,1,14,1
98.71331101841432,43.15437660064519,30.92977136833082,1,5,1
74.75033438850951,83.68483581006967,15.778796640891796,0,5,0
38.54252047443421,92.60839131123859,79.07566743828085,1,8,0
75.06008304528963,84.21764842306925,43.882249096572934,1,14,1
37.75278585271086,41.28246980973322,44.2212025509374,0,6,1
92.46947123884311,41.93075149508867,48.81864533642122,1,9,1
81.12258853154034,40.378268009397395,83.35403410672845,0,13,1
46.25331001746271,30.803047684498885,38.875320634583545,0,4,1
40.961865378572874,95.5038694482969,78.22325901320525,0,13,0
46.929659877220736,52.16382385256555,94.55903567015889,0,3,0
98.70176667102251,37.9751579636699,69.47813763323194,1,3,1
64.80644175980184,87.73368404065948,48.85129730593222,1,5,0
85.9652616421915,51.93562421262324,77.30107508319982,1,6,1
76.36654223700549,22.809344888773325,51.21076327762469,1,0,1
72.20685474731143,32.955325619970495,47.29845439973268,1,23,1
44.43346655322823,71.14002722849361,57.27548472154149,0,7,0
96.49158948127618,82.63242193373792,38.59501013283644,0,19,2
54.587271113456666,36.87475107909704,19.382519465200108,1,21,1
72.57111902749024,93.39164714129137,47.33668049735487,1,19,0
80.4854363982893,88.07976960417315,21.147119301637176,0,19,1
77.20015509094509,87.87046032488648,46.9397326199902,1,2,1
96.13863663020871,38.21289174393713,60.12403490921053,0,8,2
44.64853434480377,24.04287909200462,93.76400630850821,0,17,1
68.04292799905124,89.3938831586067,13.260009794077323,0,13,0
61.262235398149784,44.46401829908539,65.93125658517498,0,0,1
65.82096741637018,69.51331049388207,51.19616679850696,0,13,0
42.7491392028534,80.7973506960584,11.823501538372525,1,19,0
43.71614964172974,30.263460680889615,32.45933583448483,1,19,1
53.07491047578173,82.46706836152384,20.66367271193214,1,9,0
54.805799244454036,95.08091671688527,29.511473115830025,0,5,0
62.81370888928775,78.26999725971272,34.711321911482635,1,7,0
74.71419055738085,55.29781987844465,46.117570184397664,1,7,0
76.25089263218709,90.13425110013623,57.61354541400013,0,8,1
61.76770827806207,62.19661040580472,10.089099453374748,0,7,0
61.57090211286531,79.58167422534032,24.568242456586674,0,10,0
49.14585423530253,85.64047550868833,18.420974704792066,1,0,0
73.23990614658554,79.94822893592047,59.47060593364694,1,6,0
55.60765923562046,43.028390083852315,39.61673833611428,1,7,1
37.343889228028644,29.427512072466484,59.35579624312463,1,3,1
62.196002870195926,39.06708234896481,29.964097195721003,1,21,1
65.81862388086107,60.22999495842826,12.180641867882638,0,16,0
49.66353643327371,60.42215378344767,94.72302111432221,1,21,0
72.20976565293752,66.61154794516301,19.747730907009462,0,13,0
71.77517352807486,51.60814700383127,21.417287316554514,1,2,0
80.63014177217414,82.95131051600222,23.189214385912646,1,21,1
77.11665134307864,93.05230002777662,98.31488715939454,1,10,1
77.40814867386706,39.7380042783577,65.58942161529964,0,16,1
55.5539198685628,78.92185741615104,64.92609565334655,1,9,0
86.18309442908699,74.23774820360357,98.80283813666766,1,11,1
70.69438493397917,61.8472399423452,17.95948923471893,1,11,0
63.042182686692854,35.08241870993282,97.70508032880602,1,6,1
75.6908112611687,83.61858068661675,28.36118318986368,0,13,1
58.44272673926653,96.85010285030661,66.07643532058319,0,17,0
68.32805089943929,77.74690657868908,47.80752087725125,0,0,0
82.88586975134432,93.42879973005873,44.55566321294604,1,3,1
92.61618763704101,98.73482119583998,93.81189956315163,0,20,2
94.86871782418746,48.16405393913905,23.430495559623083,1,13,1
67.73614013690144,71.05788423410695,99.73621099686193,0,23,0
68.81788245813699,57.91461901104624,44.12125549823937,1,14,0
86.99157669964937,98.9302997490584,68.3897413499699,0,15,2
55.43929496337309,27.504625920617993,97.11160583350241,1,21,1
89.42985355242945,52.989993143777966,15.18409453410773,0,15,2
67.11920702363253,90.04312356217889,93.05779266326715,0,7,0
42.53068708179244,42.724104842121235,61.10302468189089,1,12,1
39.68384455974134,83.02342805110982,73.3957191079707,0,5,0
89.72955871756511,50.62265302242046,23.42657654977135,0,8,2
38.61191459894707,98.39828319121266,58.004868774792904,0,16,0
53.23974334868764,90.68238691389661,70.61623432527193,1,3,0
56.718452632600474,44.10562861300923,51.06225766489136,0,16,1
46.244638937453594,81.61544908302841,23.948666029545105,0,14,0
55.4030690371293,46.948523506661495,31.970716757701897,1,7,1
83.27501683713056,68.50902721724282,86.89535118941487,1,1,1
35.9543848314046,72.67846147146335,13.10238935494865,0,16,0
88.76627259384462,86.3676327268564,73.7975870596731,0,19,2
90.67562153234628,21.956067270561192,99.94510328630741,0,17,2
59.197002257450634,37.61263129218398,10.673469649608995,0,10,1
44.98483843894126,76.9534248470863,24.494111453794595,1,15,0
74.05462651643026,65.08185895756299,70.6729870803821,0,9,0
42.77871613121813,59.64840625609145,15.399175112681345,1,8,0
58.71975847008642,24.416796536638437,63.0810985470273,1,7,1
97.29789675856321,47.862070676916495,71.56000932049506,0,5,2
99.70519071793642,89.20801855285187,62.93317133026632,0,23,2
85.18681793804807,22.471426962882575,42.866623271896046,0,15,2
55.2124981448498,51.71489882918497,72.7554066387975,1,4,0
79.69822819579602,95.6118630136618,63.486498521243846,1,20,1
80.85141375646083,24.07045876360117,28.687345488452777,0,3,1
60.209710185637235,79.97646008357094,60.68219892265988,0,14,0
76.65776124810037,40.60900929456292,89.37164954250348,1,3,1
35.69729692341895,89.3287065722938,70.01499571214049,0,8,0
48.588747809145694,79.68543831674921,52.46123566544624,0,15,0
69.13073969287197,90.85641366866903,38.9425692582506,0,23,0
45.643834776789234,37.27398323450128,17.729758849381557,1,23,1
45.78394641197468,62.5034203854884,32.01644194831258,1,21,0
89.35977888576546,82.34159548598406,11.00680777781892,0,5,2
99.29364517443436,39.65597943959848,98.7963325772468,0,2,2
71.13801282184914,38.45970442137735,30.023402691586597,0,21,1
89.53953250731138,22.174570679806802,83.33883484168354,1,22,1
99.37090818120771,96.68122351803619,25.178039362448075,0,6,3
44.20373275697035,76.80135040436987,35.52410346450165,0,0,0
64.13596486153281,70.84482832081478,47.64495873055301,0,15,0
60.517226529724795,79.51957781559926,39.19650977274446,1,1,0
40.203203437002024,62.52903349563515,81.8515731483875,0,0,0
84.0964612316584,58.09070568723283,96.19240672138808,1,22,1
63.195636775968545,55.96257928988167,88.77650352857637,1,11,0
65.50625072237608,71.2351369682913,23.82200802529809,1,2,0
44.793743297860615,36.12279803139066,79.90198087143612,0,15,1
46.760232395006426,91.04469560118957,23.315222197424028,0,8,0
93.96173544015397,84.94018969754121,92.20429959058912,0,12,2
37.90219078332813,47.965088916162706,56.60907181017206,0,21,1
50.1353985213409,66.28874374500195,40.27429792510361,1,5,0
53.983856470444344,31.28218399600117,24.13229476007735,0,15,1
66.86284025610311,97.78769983468784,11.062817936110415,0,19,0
73.11893624596173,92.23141501042268,32.31522924947963,1,10,0
67.06384843029332,93.75180051993604,92.26180569531807,0,23,0
40.467496746197334,46.573043816276126,81.75359730450047,0,10,1
50.83838451362138,33.53077659062846,97.28143369756475,1,11,1
89.83324500956518,36.94177307730483,19.068536900923576,1,21,1
76.44326553109984,27.20011128360719,63.29608691551025,1,15,1
77.19468825872784,29.608850408110747,33.143542662769896,0,20,1
78.56321159783806,25.70436273478763,58.86475351951667,1,18,1
84.5886962375694,99.18584553638988,38.84093970071096,1,17,1
38.77705131189408,25.924614669525887,35.51189952190218,0,5,1
58.829545020619804,30.603366476113088,61.64607718221377,0,9,1
70.06928329200912,86.18036764725892,26.498634568258627,1,20,0
56.99967141432619,66.41921733943545,52.22200932749052,0,14,0
89.89112676366713,81.95337636554659,68.57310385396313,0,6,2
66.3672130581741,70.4729606218124,21.536386586452366,1,7,0
84.96079331485964,90.57400562631584,93.75348437892137,1,18,1
90.38100859727598,71.07740222117926,55.515222950871234,0,4,2
67.81144638872738,61.77000743225207,83.7575174695908,1,2,0
94.12089585163775,77.01997550090397,68.8514887558957,1,18,1
73.16305613490374,55.791420143368754,73.90008471002909,1,6,0
90.26782942419192,47.685105832378774,74.45178468935542,0,18,2
57.13840171344908,57.412196196017,88.75899073553254,0,12,0
67.42310230454655,33.57712840788486,65.22448915422316,1,23,1
69.54171766529754,83.7257383842153,35.03954365492507,0,12,0
41.82368153324459,40.85630250687557,18.955867857891143,1,20,1
60.90591293560014,32.2825237069638,64.56255575051273,1,20,1
94.62694871585894,39.70817934265814,15.971752339352296,0,5,2
76.00409562370825,87.36561214177918,31.716410652057718,1,23,1
46.53792785840289,46.41610364781851,15.463646614172054,1,17,1
57.02561631462432,74.88398956047202,59.39988301059104,1,2,0
47.45419562807549,88.51277045245914,24.430431244858124,1,0,0
36.61350356690721,26.21957335400337,64.9366587490126,1,6,1
95.28492980276174,81.20195241424344,81.17786177769409,1,0,1
64.13347633669665,44.613237310322404,83.96926486946761,1,8,1
54.989779707351104,37.32978913472341,37.858915732386464,1,23,1
73.90101745125287,75.11211619623778,59.40590794250464,0,11,0
35.47543965904602,92.7837298186587,60.67096840777231,0,0,0
53.0714369290529,43.60153669699163,52.55984639387499,0,11,1
80.69717527042802,65.50670443074551,68.96025022822883,1,5,1
76.1950352495021,43.18672910795932,28.90784114411802,0,20,1
98.8173865902648,64.34284685811423,98.13189156281149,1,2,1
75.32325112777286,69.74896245234724,18.82718443818392,0,18,1
66.03788178580263,68.82683110321437,84.62990270828072,0,10,0
84.4931166069605,69.88370957141967,63.4686388256069,0,0,1
93.71631167766344,30.80638337740193,32.036927247434434,1,16,1
81.84523653669285,75.48323756693756,77.11075005942698,1,10,1
97.60872953070967,73.98002851041787,17.603280610936476,1,18,1
85.83033609798152,74.60704977735065,79.69760510039048,1,14,1
91.34209348702521,25.925644219096505,63.09867000187122,0,18,2
42.41676462693642,55.74710739313221,19.967528655676144,1,11,0
82.6068776945962,52.72281056365838,17.15550067831332,0,0,1
63.605765469278964,26.93691869145593,77.57527000928162,0,3,1
70.95174715673289,37.789434231744856,36.364231585345344,1,11,1
77.51665661635319,55.27701054384294,90.0371665690492,1,9,1
98.03798258586201,79.43250478864658,78.58657189271584,0,19,2
98.9975752930556,38.96496615877305,72.83712202459444,1,9,1
53.73483595671384,86.37999280999293,35.074544737010584,0,20,0
82.69397733346455,63.66386285915708,73.80500671194562,1,4,1
83.74892996579246,80.8337348147694,95.33329160633507,1,9,1
57.52203598534817,57.80447866694857,18.2403850933512,1,18,0
43.05153536617436,59.93553803377787,39.35463778032094,1,2,0
37.66155241857179,69.57755115037122,31.12050389154347,1,7,0
85.5273032893966,94.23764865326594,45.39251209606,0,18,2
66.83048321809889,59.3450065130328,76.80993893685518,1,14,0
99.0601110171702,62.29260304866328,52.68183232828479,0,18,2
65.22327465258745,68.15975708220236,61.36575455082217,0,12,0
98.56460363979961,79.00121098381805,38.27393992705081,1,20,1
61.75244014261389,25.748026838898745,22.71603403783905,1,21,1
86.58933978639823,61.25499508175777,34.024028404395565,0,23,2
40.513252700269085,58.52732713648348,87.37122711177884,0,2,0
71.10501115895465,93.73479873900563,64.21752659380694,1,14,0
87.13388615407207,59.48052643490729,44.01898058775104,0,2,2
95.10560836929275,57.46564277554648,81.09153835620288,0,5,2
88.46790089013305,96.97599908277616,15.801168920941787,0,7,2
37.40309726807632,56.046117088070524,32.85019791301471,0,15,0
59.22565218493772,34.470754425767225,30.709283865160536,1,10,1
38.16540070040033,37.35328982446306,98.68281059513998,1,20,1
42.10334892244627,27.615003066957932,73.54887241534843,1,7,1
78.89486586338647,20.045450340715554,65.60073427496988,0,14,1
81.36178276026038,54.55565288003855,10.448646876502561,1,18,1
85.2918443788557,81.53940650385772,26.587900188087165,1,23,1
91.25467562361808,78.67731542398687,67.19871636757705,0,5,2
83.06304545097314,22.571927024228017,44.174739383349916,0,17,1
87.05665348693108,65.59863228752263,93.18523453111547,0,2,2
38.18264113851315,32.34265003307808,78.82517972275821,1,13,1
50.244784778684405,95.28610278117579,50.264566552370795,1,9,0
75.42335526939098,33.38919997153434,77.45634797844434,0,23,1
90.7781448006135,70.13113741579852,97.78638914435994,0,18,2
35.292508121077844,46.099068973124545,51.48827422313236,0,22,1
68.45090723756275,71.32490607714817,67.827329909968,1,20,0
79.02368095868582,52.98068771712601,92.67981535551657,0,9,1
36.92447379335986,80.77144418451158,32.3807195832556,0,17,0
61.088111240970214,38.454330026228625,89.79021222996505,0,0,1
93.2162672899403,92.4633482331408,18.77902360956844,1,13,1
78.65483257563082,60.01677194506817,68.36033535288819,0,1,1
50.44779361843882,80.48745181702823,80.4554339550206,1,17,0
90.43077342607432,87.97841531209816,65.31455973271835,1,23,1
57.62204252161843,99.9062888763844,54.59813237372887,1,16,0
90.46740362436387,37.91565324751666,65.56123899331175,0,20,2
54.43133732272886,42.95139308507639,23.649733790150012,0,5,1
73.37081630740468,40.03464693855106,29.40136392971965,0,23,1
60.801104403609216,41.029706572782615,34.29094095607078,1,13,1
52.86362829907935,66.59557932315019,63.800140656703434,1,16,0
92.6262415411715,99.48180185166744,49.771096637056345,1,18,1
47.193589326066935,99.22224696742036,32.00282582372556,1,15,0
40.5127534303246,62.14185850898461,89.45283989301221,1,7,0
57.225251005467925,71.1221768211739,43.652965626390106,0,14,0
81.64654459670189,88.79764349612847,50.1428547306902,1,15,1
87.48305438845831,94.6346766762804,46.87309688940951,1,20,1
99.91831905433972,36.308850186363514,26.37486597490774,0,11,3
54.26353370572572,62.28333831539623,75.846431388721,1,12,0
61.516226823533344,86.62696437292098,50.36124360419722,0,12,0
43.89338307192571,44.25616613076733,11.46313989034466,0,2,1
72.36667542549719,55.184723398437335,96.76123321238173,0,2,0
99.84270242208962,98.84968812096064,83.41872504358723,0,0,2
80.5572656578428,98.80373573766968,75.1203418682623,0,15,1
73.68883462686917,92.48854486121454,88.21826834666761,0,10,0
60.50399103991661,83.87586758624461,91.61265282449952,1,20,0
94.49441941856105,41.530440057824464,40.37407357459948,0,16,2
67.29957874847271,45.668005925375,64.98628105750288,0,3,1
43.733849365348995,63.782627296389975,64.79270282850348,1,2,0
58.74960010794368,64.86218996496098,34.05697019295373,0,8,0
39.36583347510485,60.44022554856536,29.97570263023605,0,22,0
48.1286374497708,70.93362239330449,20.251652933711988,0,1,0
36.14847076499429,52.66584181063911,69.33827763248075,1,4,0
64.46319457251062,79.93393258524264,80.28270919277018,0,0,0
76.24511722186682,46.68399411826843,78.48576815653034,1,9,1
57.31401005462901,46.454159755708204,38.464783946647685,0,23,1
62.32481514784301,30.17807695134624,28.4733865418682,0,16,1
97.34860273489744,35.09697680231354,50.825276060915975,1,11,1
83.87760290236952,88.04167031370861,59.21321142164595,1,3,1
70.15568140142183,55.70258708643532,92.71784151717002,0,8,0
53.495156882268645,38.229422924226704,88.73408388466487,0,12,1
93.3047919202447,80.74728800179099,92.4452498171645,1,6,1
50.28131259724287,64.31849006534875,86.52361466223816,0,16,0
56.147277483584006,21.692480913863477,96.812308399268,0,23,1
94.08921293749165,45.308916586937215,51.894999745215166,1,4,1
69.4202335935297,34.160112889707285,14.272614768978492,0,6,1
83.25066671216848,72.46982887862725,17.52058289336304,1,3,1
73.3984116206448,42.00248325042023,45.12485275951089,1,17,1
77.47354858561718,25.19574233679549,33.191838214569756,1,11,1
54.459913948463665,24.394799135813543,25.29465322249606,0,6,1
50.68918400573309,66.53818383669719,95.78833970577837,0,5,0
55.962002565963246,21.73787645632717,27.58776295695602,0,1,1
45.10370166542246,87.9033690508871,96.34413450837079,0,11,0
91.83043374390249,32.43176954058205,78.47549562890863,1,16,1
53.41105066125742,68.52530681563438,67.68511049127011,1,5,0
71.49681063693501,55.57504224085966,70.84170640804405,1,0,0
86.47833763418932,55.428121698552204,39.83268912932116,1,11,1
85.94856710942139,25.74377138880367,68.1784334252454,1,16,1
63.49510680797253,84.22018001697725,26.802290645313878,0,8,0
65.95672505813717,91.44419878026021,94.39348892823816,0,6,0
99.65561368077661,20.881333390738277,37.16140059645342,0,3,2
78.84883600363656,34.28833405576942,32.966786106418795,1,17,1
87.95149880266237,92.3123351036383,74.00465183747417,0,20,2
93.66600799925007,63.959489024004654,69.08038462595637,1,18,1
86.19333935490704,32.00316625985681,50.61690265089747,0,12,2
47.03665742198189,36.22323620873271,66.92016112217077,1,17,1
71.5410976929422,72.79889953896912,24.354376458477052,1,9,0
41.62312022544542,77.98534577974985,70.59954766617595,0,0,0
77.4399382266599,67.95414468639481,34.35496256756745,0,8,1
97.09771283220772,96.25187039300206,34.55523790088116,0,16,2
68.32758417950723,59.525088292942165,24.59619414494061,0,15,0
63.14321203640486,44.02175297140214,39.913942153254816,0,23,1
37.32977884218061,58.17863279806372,39.812595428019534,1,23,0
97.38534395139932,48.773303493328875,50.876111053204234,0,5,2
41.69517446846032,37.9532714139749,27.137755419971455,0,0,1
37.67014106481505,23.677059947211205,27.37067825428897,1,6,1
50.994329747821,48.17699948520993,58.75647144969055,1,21,1
39.25947820469486,76.91274781677939,21.598966420342762,0,19,0
64.58265975676456,21.475024230015507,72.00073071899516,1,2,1
68.54570708171231,55.13428105647478,94.95524132763369,0,3,0
55.31704668685796,71.52075211598947,48.411605949794044,0,13,0
38.312431367367594,68.83232873394458,91.0994781835609,0,15,0
42.25402393619974,82.13187487109727,18.8484932013278,0,23,0
59.992784569345325,84.84157725278381,13.866186463808011,0,18,0
38.93434930372485,76.93646567355103,74.9231989762456,1,5,0
80.38233216464437,28.223815691579954,78.49194156833468,0,0,1
48.45633519911278,58.00179552034885,85.87524168691762,0,15,0
54.6346519709365,68.27247659900868,15.113591055998327,0,13,0
60.618175516576336,39.64528310475613,79.92163494611474,0,22,1
62.079626149494615,23.40414541174212,43.88848595169236,0,13,1
35.107945998862036,37.88722567008375,37.300386941397875,1,12,1
42.284574114915344,56.391552138611104,25.572152920896723,1,7,0
91.07969664315706,53.11442552436807,99.64141795922744,1,2,1
35.08014906327403,34.13335850617293,15.729723038697726,0,21,1
68.03087812783687,85.95324341467942,84.43072131471995,1,19,0
66.81763042296853,94.05493349893797,67.55449919414747,1,3,0
56.65112046569146,36.10786552421722,76.15723998356805,1,16,1
63.03625630951923,94.36583324537773,74.05454079296167,0,8,0
85.73777393922798,21.428876734014466,87.25910365658643,1,10,1
89.67824090397217,93.99699781655563,26.541286287049747,0,20,2
51.92265532199126,96.15430320647263,10.074215515121685,1,20,0
55.961878662902436,20.964149041274016,63.867564013893954,0,4,1
50.76138544684163,81.04154374213985,41.847277539100055,1,7,0
66.19112103581924,97.61612580558747,21.140859800542394,0,19,0
79.41179324782284,92.47217750542227,26.752487869381497,1,22,1
49.83643690512233,97.65681289569704,39.85743812133006,0,1,0
56.497823233566336,64.02588045581115,16.32100337980329,1,20,0
95.47500014329478,26.252491190831062,15.122188191560577,0,11,3
38.157003840052276,87.9831358244029,92.44236293491997,1,14,0
64.9500243405718,69.10626046472092,38.089247441832654,1,1,0
81.25127270379056,69.17893953506312,98.40076277262264,0,16,1
44.77951075123582,53.3802887886949,96.79303074973599,0,16,0
38.07931130035632,65.74735812168873,22.83141540944024,1,15,0
43.9833491565045,32.28638232688916,74.34318726065719,0,18,1
94.7235075794944,79.18160212529202,64.07244002143622,0,22,2
35.60188581837302,26.001384588123386,72.15823657946382,1,20,1
47.24092836273787,78.38246136350335,18.65719000130273,0,17,0
37.033428338606896,87.91827380998832,26.970407077110224,0,23,0
42.190915391543214,57.797494205159055,16.897479530579336,0,16,0
75.30970363083927,60.78642928456395,64.3720784695364,0,16,1
50.706529068040574,44.97714183376626,98.7931968264182,0,13,1
71.998783277994,97.556686698047,70.47860838921473,0,18,0
73.3626998797982,78.64995796476363,73.96853815197366,0,1,0
90.21329665083564,49.5190842640276,98.6126537388953,0,12,2
35.308190539271806,33.984590898640405,71.02103987546165,0,10,1
90.46901485725384,37.56636737616731,13.61634153656233,0,21,2
75.24274061775331,57.113782888804,88.03050407709378,0,1,1
45.578326596822244,95.40547202514703,42.82104613409167,1,15,0
85.24093022879346,78.73170766087344,10.392725936324382,0,4,2
90.60695021638807,37.219499854331985,55.65107598047385,1,21,1
51.527126444020226,88.76489067351184,94.33135007886374,1,20,0
94.72158925867426,50.256041840774486,33.15976184754849,1,5,1
64.53973296941275,88.1377746202015,54.236185574755595,1,20,0
74.2225895316659,39.335967838490475,25.639919900415165,0,11,1
99.00221968514684,69.49284895490541,15.192340449979609,1,23,1
58.499845111547955,94.13363904650255,17.249045204180184,0,17,0
87.85535747830733,40.63152073182353,75.43098153652198,1,0,1
55.69594265884987,75.4341272468684,87.76670236679341,0,4,0
86.94887894569692,98.9850095965715,22.896895532724198,0,9,2
74.04770472607177,32.04786297944028,35.948671102942185,0,5,1
49.063120189651094,27.072183256053954,27.55265208803446,0,3,1
61.91169609630036,73.9356153955853,12.417019923378515,0,23,0
55.64631623363151,47.17887581992243,59.808823289828524,1,20,1
40.07704555022365,25.69955818932729,72.99299531238827,0,10,1
36.939260056480336,58.024449430688335,68.30897327965634,1,5,0
57.52111260146676,80.30165437151646,44.92481925720229,0,4,0
36.23721960813663,42.8097920332151,59.95092213459148,1,21,1
45.756704242815374,46.803750200410775,18.468937597260222,0,7,1
82.13691585530647,87.65595205175777,23.8873346850416,0,0,1
81.02593031943321,61.60575298091905,93.86151575976851,0,9,1
83.00772511972988,87.41855750451776,78.53569730379071,1,10,1
55.61495612344862,55.71115937149676,93.04651862426506,1,14,0
92.8512647126502,96.23801292480827,92.50122560494304,0,8,2
73.5989856218491,72.06356717741895,68.44533553969666,0,22,0
43.19171221353072,29.271909225539954,93.54147833009486,1,15,1
44.34171299460972,90.80743905814406,47.50336927742169,1,23,0
80.0512027504306,59.141215266463824,10.325462030644685,0,8,1
46.24135586873507,31.331117437832397,15.631400426154343,0,15,1
67.97402560283282,32.21521070731366,19.853859313073368,0,8,1
99.4653409353662,75.00271480878975,18.581810786457424,1,16,1
35.26049430766707,23.78980053835918,41.65321517652371,1,17,1
36.0776871233412,42.92750119310506,73.11437263984219,0,7,1
99.55049782548292,31.18300723758945,81.15839259404454,0,22,2
73.00152421872076,55.28619436938274,63.11919469101622,0,20,0
43.249148408703356,53.1483017595489,23.17925571012816,1,21,0
93.3246429840161,61.75011477510847,77.31114419333578,0,5,2
92.22471950829998,42.370906328202416,41.93217272238391,0,17,2
69.8530268522394,22.563487150254176,11.169401380461663,0,2,1
75.41648194094918,69.15088852281485,35.25297584794744,0,2,1
52.75716744755697,49.89744023058811,39.754049872688014,1,23,1
38.283780264180336,72.10679989920371,34.68209816962926,0,3,0
73.64689457790618,28.693357664341477,83.0683137868827,0,20,1
54.15908755817959,21.102188423524026,78.39337578346813,1,10,1
78.13536803292288,39.86353983082342,72.59968273713773,0,7,1
89.35593649476908,56.52378583952418,22.510457066103875,0,1,2
36.18043535443366,51.52575793347738,82.70505187356538,1,16,0
73.72139535457228,84.82420442187731,70.94583654969914,1,17,0
50.033235079645394,50.227011535425916,27.53539178332527,0,11,0
91.80275236374709,62.43529436824631,68.32845372533647,0,19,2
51.48819292651885,67.48124739537538,53.51604769033129,1,7,0
74.70005866030219,21.746511331664927,49.541505567060256,0,13,1
70.98015460582474,61.21067014769512,20.09108471251499,1,6,0
60.75082250385118,47.586500751907025,56.64738482606488,1,13,1
79.0453496339866,53.70241021466037,18.993862807512727,0,3,1
82.1750262565032,28.022991879620022,24.782804852884,1,11,1
71.85095669576015,82.62564525189163,21.929168284728643,0,13,0
84.29744541700902,95.3923400646818,95.86974511630069,1,13,1
98.92210993954095,21.781505650368,35.6378221399501,0,10,2
62.25270521355233,68.10982102490783,41.96838912364069,0,15,0
68.44789837255951,81.10752538306865,38.987254566643244,1,12,0
35.81054206617886,42.784607091991155,90.84254006603294,1,6,1
86.74185616017459,83.00444678905734,60.66693202013997,0,5,2
68.81495435798959,70.5884040613041,92.72439090399806,1,15,0
61.51749297343674,94.3330105816856,36.993241524510594,0,22,0
41.11467760081073,98.48038490830183,20.335120698875407,0,18,0
92.82766740890082,23.387689119896386,60.05966074517571,0,15,2
60.67547060263617,55.5950208821605,41.098329261101576,0,22,0
79.36780388359932,63.75902300625746,82.17161501416734,1,21,1
44.7093201639298,31.7394586566122,89.14810680204927,1,12,1
97.50072592016711,46.90286643418894,52.53161598163646,1,2,1
46.59871451841901,99.01179582051694,97.42231216769575,0,15,0
47.970229538466874,21.298436507397717,59.77117057099653,1,14,1
90.83388593625139,56.200634521950725,34.38283540476812,0,6,2
94.31787836922553,87.41236973745569,54.00779638098471,1,20,1
48.789581489014594,45.91210101754307,13.357926316263484,1,20,1
65.53705773136382,58.383880220412266,82.36010442367608,1,7,0
82.67716879658394,98.2436596630384,19.129154576897886,1,11,1
92.09377269770211,57.99014691805631,37.787363965270444,0,4,2
59.638425177424836,30.473704971719926,60.878489230444906,1,4,1
68.6062666452129,24.137719333311285,13.8677613082209,1,6,1
83.21156668378276,95.63332579519587,17.138520926330344,0,8,1
82.5238384824317,41.264753062005255,72.65047218517115,1,6,1
85.89240845169552,60.32511252516407,16.459938375469186,0,3,2
72.0456982116992,27.256141287197487,52.937457962263885,0,10,1
41.79998129231039,53.892409644048406,40.48260700786753,1,14,0
93.7582639070726,94.40844154000993,30.527146716077482,1,7,1
91.26221505586683,60.19303949047507,26.99010080772989,0,12,2
86.87633332819165,97.69081214418622,78.70701643593215,1,6,1
41.491061015447414,40.70685097899197,95.63879738352543,1,16,1
48.285828860292895,60.36361917631497,22.616176798299854,0,15,0
83.33402373199738,88.76246334474602,96.37130972567142,0,23,1
36.50410614782652,55.8601883642995,63.52862531275934,0,1,0
98.64960119097319,42.358989885615166,67.74943648269314,1,20,1
59.51440422311924,88.43802907343053,73.89337403283237,0,8,0
81.75531468990354,51.19115750980872,73.37070013191229,1,1,1
92.69212075172283,62.45786328481873,83.78299973671194,1,16,1
60.65094272975534,98.12216531321165,53.51217862129277,1,4,0
55.74361175897829,34.918663580469115,58.0022728763231,0,4,1
74.56817337838604,44.11205093761485,39.14443022170743,0,23,1
72.7643092936233,22.485568005587197,19.473183440480533,1,5,1
61.594098545611814,51.34701679280422,69.81761718335972,1,13,0
74.11535913140105,36.01467444678876,13.024897226762583,0,4,1
95.79978902182216,74.40279483263132,34.80715459750314,1,2,1
65.39661668072877,34.50571670126819,18.480687800149024,1,0,1
47.78824174879104,73.98502019246958,27.165444159044625,1,0,0
59.518388887395254,41.07803425514541,67.48578216076427,0,11,1
60.61695386855271,48.41742672969598,66.56289671844263,1,10,1
43.52206504670429,47.9088521637118,47.89494216961408,1,0,1
45.58664753604607,77.34014001308876,18.115477884054204,1,8,0
79.49653477058902,57.32074105106744,49.003652481346755,0,6,1
57.06605402357867,48.903911908214646,41.747038467246405,1,13,1
97.0683954706275,88.20981752315599,74.84132375703548,0,23,2
50.833788448309484,65.75605005129621,62.112394737914656,1,16,0
41.430092831813454,37.106465702239824,54.24091906032991,0,22,1
83.97779659501677,92.00730225149461,53.82838740744957,0,4,1
92.26734337466155,47.41202368269125,96.9667198534377,0,5,2
53.07736819664671,23.11835020298563,78.06647995331055,0,18,1
48.13572660695607,59.56801791795623,54.728160441411504,0,7,0
47.07479876662067,29.915044355270226,53.130035160007985,0,20,1
68.9307995888233,39.077315497259406,12.38311911744671,1,11,1
65.44708168104012,79.76886981499288,94.8258336987826,0,4,0
51.86358959054472,30.460145070105487,38.72565745905967,1,20,1
37.93625260431271,84.55553794832285,33.034517369266936,0,13,0
66.29693712120825,94.95258305047629,99.94680328489042,1,19,0
97.35660259631454,68.52256803263558,74.6820704354072,0,10,2
77.41374804892311,76.82873536182635,14.26273959693592,1,3,1
67.2079261808602,77.0869287925934,15.56969293230188,0,16,0
42.194984811925046,99.4246365816356,12.295140756417808,0,2,0
51.408358885723175,47.32306097612983,63.965700956158216,1,15,1
54.160306722345275,33.0285240994162,16.440805005575662,1,10,1
84.71223091947023,61.533378793145715,94.00495211604375,0,18,1
91.98620182220026,62.659984786536654,94.32158860204102,1,20,1
93.6067204818185,34.23299906369156,59.14486600732718,0,9,2
98.99695953629902,69.04875351953116,65.49750382563558,0,21,2
98.85383440179461,21.129978678145918,36.27049613727249,0,2,2
96.94494362991878,94.21347219633772,15.7575288167446,1,2,1
39.66843913268748,41.16594222570093,76.37144006726339,0,23,1
43.95657983530734,23.164816671215345,19.16073898741157,0,13,1
54.79032422094214,28.65995531798856,17.700187691655383,0,10,1
70.93838651419,39.21991586237134,38.01007982838014,1,3,1
41.30356276585616,41.91249348848362,11.121909385409385,0,6,1
89.97680225713927,22.624799959818294,49.06320541806844,1,16,1
75.08915164002508,42.348384975498334,73.6912819072069,1,19,1
70.25368614964333,35.43533891947857,82.1214038279745,1,21,1
45.745236018873925,50.28967419476149,64.38765734190292,1,9,0
51.46160583601283,50.81341898847754,86.21867828025213,0,10,0
45.420281623846776,47.12061924823033,46.58519833903993,0,3,1
90.3756552566619,46.23391068245632,86.38948765544289,1,1,1
72.97481090397918,27.1785022193001,55.582597944854136,0,10,1
82.78341278877616,22.016395770092974,30.07325151984658,0,13,1
54.24213608915167,36.16914401251733,94.97310819944194,0,2,1
59.131421410738014,80.53195419332923,34.74737864534048,1,9,0
61.315572687724696,99.26478124408976,12.35813357690138,1,15,0
84.40097316336227,94.28209400458633,31.840663865952422,0,19,1
85.20294419884692,60.33754844302149,43.001880513168494,1,22,1
48.44287928841206,62.545908462234735,41.62147149603376,1,8,0
96.20002568797644,45.1665255228674,57.22007584992145,1,9,1
42.842596933839616,81.91515509101251,89.48141938323312,1,20,0
93.24793535753597,81.18053503461189,36.31044043987292,1,16,1
41.52571696723761,87.54178860659556,56.8693547163252,0,6,0
52.19508772483522,91.64036617575076,40.61250583196314,1,16,0
90.02110484441721,54.747939858023656,83.95957534358804,0,3,2
46.66698470249568,81.3500454485758,24.184136195963056,0,10,0
61.88191553514804,84.51189830367029,19.315924147905264,1,7,0
64.2408544963682,44.676769799820015,55.26957279138416,1,23,1
50.94183324650863,94.339379520492,70.46988271889427,0,0,0
81.16593808683913,27.547320211172437,81.59726809816898,1,20,1
90.33675221114325,99.54153433306263,63.06623676147848,0,6,2
91.84738409061217,81.60725745270955,79.64647851871005,0,0,2
57.05593947287646,27.46167242594618,45.34390527048314,0,15,1
69.50527562870795,72.49837184840004,12.958090323982209,1,16,0
51.14641625126735,22.734352874260814,20.44893771114009,0,3,1
50.91177260075945,81.61495595553463,13.485034110609657,0,0,0
45.48151408537507,83.93783373272441,39.60492854288434,1,2,0
96.10123570248845,68.19282024731581,54.59422071418141,0,9,2
92.71927385936269,88.54883135332564,42.06857352912454,1,3,1
85.5283163663,27.830662417188776,60.453952755975294,0,16,2
68.64799888370239,42.07390736326506,53.25482336435089,0,1,1
66.88951450827167,53.13420172741364,71.01485216775463,1,18,0
69.43346830186238,23.396636226247864,70.02659472070656,0,20,1
69.8769208825108,55.857287005693294,38.625773239781154,0,17,0
63.246600505349875,41.21707648900528,41.15930098249824,0,22,1
43.56406413798439,51.41880096814024,62.663303947717296,0,22,0
43.16815043645484,54.008210559384516,63.67892211017576,0,1,0
96.89623152996941,90.35293867901481,38.322992227341985,0,8,2
66.33199937311278,41.627277642211126,39.72860971978827,1,18,1
96.95835911883728,91.49945029730176,72.46405118675324,0,8,2
45.632497051157145,54.07767718502794,68.26697405884626,0,17,0
71.03707588259567,46.224617655518884,22.154572421179722,0,18,1
48.50162146785005,60.20096394681168,49.69376917078541,1,23,0
51.4569993982291,53.419462909027175,90.34354708395313,1,7,0
36.95354761947662,40.589785044411684,13.267510849402768,1,8,1
42.731965198113734,60.214345983685355,86.96475518357923,0,0,0
94.59514649589772,32.1441386463065,24.68603413577293,1,6,1
55.89964444635156,48.15439544183729,55.652376921554435,0,6,1
74.52839877444845,65.26321754992725,48.190278603071036,1,10,0
65.22591857930274,53.072659551188686,10.911640360731294,0,10,0
61.02933094094309,85.91298888406372,92.38572433806688,0,20,0
69.57259593749443,40.5377409228133,50.943270460087504,1,18,1
47.1705313999972,97.5817263064808,95.88414490845535,0,17,0
99.25925340377248,82.7777616681081,35.80695108812961,0,0,2
88.1900114657511,97.40744207979778,87.96481960743752,0,11,2
83.2049511275485,87.05092438642433,93.01506165960674,1,17,1
65.4693543059069,31.36831406813141,60.114917473370255,1,5,1
44.937012938211836,62.1168072508011,28.241000908094577,1,10,0
94.84328078778191,33.598281695662855,71.67226888951481,1,17,1
57.1901593798123,85.45818821018058,59.40802598765141,0,19,0
38.25693483030069,66.73297193466368,95.00766992673633,0,20,0
57.25623899269087,41.075945148552464,49.53448556294426,0,10,1
86.63970698223248,94.3679177605737,34.16622828758398,0,9,2
75.47606842423353,29.214884265140853,22.445830134469638,0,9,1
83.80450800841588,65.10899227770511,72.87702118180115,0,16,1
86.58629995105454,77.68324437333803,97.6698657082524,0,10,2
48.77704972023527,24.70788298659454,12.550939351425862,1,9,1
95.0459155460567,67.82848265649629,76.64008193003141,0,4,2
63.46932418982422,85.27209723704753,93.42373263037,1,11,0
76.5358872021707,25.40218515344427,16.73033808046144,0,5,1
35.15007021813823,60.97943768853017,19.915304059551985,1,12,0
99.56895239672657,40.6845742518992,72.27613886047378,1,21,1
53.25826508767008,73.03395612295367,68.31670383062095,1,18,0
39.03410192511009,29.494189366307594,16.194467378462114,0,11,1
64.78703269987341,94.96411445364055,85.09804769360409,0,23,0
43.386953716832714,91.57828653717854,57.10814630604031,1,23,0
44.90123616024242,34.877953590056734,91.64776360029514,1,10,1
76.09838284696366,45.86127074920837,89.0191792893434,0,18,1
60.54028045206516,67.01079797224344,83.12569921451492,1,8,0
94.92040926007468,77.44498693074004,56.43090066199792,0,21,2
55.74517214952455,55.41248121282066,32.65395775744891,0,8,0
82.20170834495357,32.50330575687801,55.53779535200193,0,6,1
64.97146296006899,28.332119504229727,19.073024002160206,1,3,1
77.89683457340311,99.98122695314751,69.29615336260835,1,20,1
73.98019818653938,56.42816971547898,22.057949730610687,0,7,0
65.73095822933487,89.80253993187985,56.00556662506508,1,19,0
96.75397115058841,58.590080370329154,14.894377675013601,1,2,1
57.276386779072126,93.78861108368027,36.95612412471813,0,12,0
46.520307581202715,27.020750621724048,30.887241460280904,1,10,1
79.07611395718884,29.121535306764077,65.80283884405034,1,10,1
89.99049148501408,94.37057501793794,80.81080408202578,1,4,1
37.61649309609504,95.7994436035828,15.157265908647354,0,1,0
64.22612474747424,45.17739579722907,86.52553166398458,1,8,1
93.01169982967622,48.41319095950975,87.4690925459144,0,11,2
83.72521022998639,56.19601878678064,40.80421668592205,0,19,1
99.46750157234584,53.292934405383264,69.31036593732898,1,11,1
69.54189775382085,35.20361727676773,46.23517285331046,1,5,1
77.89972172207483,91.87003071514997,23.877179397066836,1,6,1
54.66121827396533,40.2646080564515,57.57961767067993,1,14,1
96.5898139782895,76.42179275821212,17.7723707051437,1,10,1
58.81180675617486,25.37245421879783,89.06249398563891,1,21,1
83.00319632463086,23.10010652227436,93.18607834686478,0,10,1
61.204113267740325,72.29843780615366,83.94518233102632,1,13,0
71.51823045409495,47.12126860586083,60.62753086803807,0,1,1
81.7858647764005,72.4367514176001,60.18387320129094,0,4,1
68.08071986383803,27.521696173506427,98.61466389408368,1,20,1
93.96061124911805,95.98811039326907,32.31115208480646,1,8,1
62.25456421530767,79.88115735144763,16.835352931468673,0,10,0
77.05966687931613,90.10137864206393,60.574683124105995,1,14,1
57.25355816450352,30.91764432356087,39.590703802909296,1,1,1
61.53018343501584,45.61287751142955,39.01048955272398,0,12,1
63.6032570351809,49.46753313650753,10.637681875295325,1,8,1
43.17745619029854,62.97381186614548,63.661546859313965,0,3,0
40.962039138835436,43.74947884059314,33.76303320480527,1,10,1
78.38684500453927,24.85045937515241,26.90726933734129,1,10,1
77.6086529922984,49.51027045899765,13.638873825370334,1,4,1
78.0891314236562,40.363945170182575,42.79254188280502,1,13,1
36.28481894727496,50.87370331705719,89.10719851478116,1,17,0
56.225544773665696,35.7567634096021,40.30037268376351,1,6,1
47.8576400718478,40.951709965178836,71.11667891076343,0,23,1
85.5798424653608,70.1561872345815,78.08922670617166,0,14,2
90.94097609074845,51.05230676624521,39.52907282711796,0,18,2
51.03422451969958,47.630671453559366,83.94766615108371,1,1,1
78.4101953251191,62.712450617789834,72.26916937002542,1,18,1
43.408582224787835,81.74884326751406,60.33180058308564,0,8,0
52.884914164111365,50.30943650783658,10.089321764556603,0,17,0
44.01254225517227,67.00155940446724,13.158168933052732,1,19,0
53.42884982894989,97.2962100294541,99.1779259695457,1,6,0
78.85787557770306,61.758409129444054,80.40555311532034,0,6,1
94.17124916204142,92.78380612140356,94.38087328956523,1,1,1
48.16395651507209,83.49380994051415,91.20728844262247,1,14,0
70.23513727179675,24.697494532011977,11.839868482847574,1,18,1
80.59042158082309,54.32790971754055,81.26625608119664,1,9,1
96.93996045156177,75.86547262948704,50.60311696100391,1,3,1
74.65393138766629,98.93695299585599,81.06023836005902,1,7,0
51.58195051677974,56.670103292921006,10.604420574704662,1,9,0
75.65608019940586,27.422836330139155,35.93793710805078,1,21,1
55.831925509071056,64.96073397702943,77.61913982121719,0,2,0
98.448345394961,30.125103369916822,81.37187097414308,0,8,2
60.9789487856364,80.12156482235147,65.77431410931615,0,15,0
79.55280184946592,60.61415979694223,37.11305705016374,1,5,1
36.5097928525393,77.87450947018291,37.932633215907664,0,21,0
61.0039939987591,89.54894615028189,97.00875672778294,1,21,0
91.88199486596326,70.31584137302218,49.529096131078404,0,9,2
74.66478388816098,68.99514634025452,50.241299521945336,0,17,0
63.85628761573847,80.3656236351705,59.709947521662954,0,18,0
95.83593746332218,87.39640011621339,46.855210317794985,1,16,1
90.5089844495699,89.52430290216022,59.74044081376728,0,4,2
55.94401879849099,22.914415654630666,48.91018804908021,1,1,1
70.39564613268708,64.49522374382315,84.4043427641968,1,8,0
66.83857664601007,37.30154478380412,91.81459178184555,1,3,1
76.09316250746605,88.82767126254267,93.88992338338255,0,7,1
56.717232352319115,71.8718148162689,60.78665852464479,1,15,0
50.873325049782736,53.61779832259505,49.79337017180458,1,14,0
94.32366929160985,35.0483382497081,73.4716052912654,0,5,2
95.0518424674029,47.121890073586115,85.44912321663159,0,0,2
89.81598757452863,76.30221556321797,60.66840178597394,1,5,1
98.5832879996965,36.3487636169311,72.99829196400351,1,10,1
83.42444917567975,27.48663562706982,77.47564156491232,0,18,1
84.70336985652997,91.04230065820408,70.8754399045558,0,8,1
84.56835597757166,81.13682796640934,77.15202001563786,0,6,1
66.23949601124993,35.98359445265061,28.778079930039855,1,13,1
64.66939264342766,43.38492347439933,54.85370923196177,0,1,1
50.614707949685204,97.76561417047085,62.944169914457845,0,5,0
76.91324763335388,76.6547589407294,10.223013777132078,0,0,1
53.80580884665174,68.84176033710598,87.03662579323138,0,12,0
51.75754663065304,44.61027883393043,64.90220576004208,0,10,1
73.08748931624356,43.93001153332178,21.622269852838294,0,13,1
61.6488552346278,23.16188949521844,83.47213653182445,1,14,1
49.22567957165109,78.27854935215451,74.53512697964902,1,9,0
88.04364108893402,23.45401800455076,78.24695891172733,0,20,2
90.93704475413443,20.38858702218232,45.28382156756706,0,22,2
45.900468779055764,78.35960702887833,86.87822560254929,0,2,0
35.48795713199999,95.90990057193002,47.2624823919126,1,22,0
56.848447954409295,80.52024381818484,61.34582376510322,0,4,0
86.83820431924892,57.731215249950296,10.057807332988634,0,5,2
89.54630130523108,58.883619964869844,68.0385803210076,1,12,1
43.9913895575432,54.89091381192843,74.6358212915143,0,0,0
85.33183357689833,45.97149336882669,61.039842893991306,0,8,2
42.520770875112916,61.73713713486721,54.69029353392544,0,4,0
60.354068360174395,54.4920765712892,82.89428263405375,0,11,0
99.90961847577454,67.85343040326197,71.32354454487177,1,19,1
47.518403510009136,91.84960644008756,35.02666357480207,1,22,0
45.007632867545716,99.60075338590482,96.31660042719872,0,5,0
62.482021615541576,26.299463190633368,73.65404747758066,0,13,1
75.278454188041,50.77467781290731,98.91450360211822,0,11,1
95.63855085686146,34.45649566134476,97.41351846419815,1,9,1
98.75337445964723,48.169637914042696,92.7018750529081,0,15,2
39.52664137844065,42.99784148387384,77.98343871027768,0,23,1
43.969838627613846,33.96297053014307,64.84864316472706,1,9,1
86.3979683032396,81.12608427370324,25.495359731463182,0,1,2
52.591089897605926,59.703099426338866,58.901627568138196,0,21,0
92.51518886791344,93.53964657737806,78.88388701548946,0,22,2
78.12446171989063,22.607395459761157,56.8771442835011,1,7,1
42.26991215474402,25.358241050559194,88.1415215565092,1,12,1
89.11440352006046,52.261886634427526,19.869030927252844,1,20,1
46.46316470052493,26.42218563232297,44.28463132437707,0,12,1
62.5272006541775,41.01836771318668,55.536797673429156,1,11,1
70.89202035635645,98.88237944612989,48.90927662821973,1,22,0
67.5497996902181,36.71676859876912,19.772789303939778,0,19,1
79.60058951498478,35.84941931296726,23.817546464016747,0,12,1
77.42463776650159,65.89125350365673,85.38555635699385,0,3,1
99.48273035932357,59.839863263452536,53.59458332813059,1,10,1
99.9624240995722,66.43506377622758,14.385018407745488,0,16,3
68.56986117131666,50.13882225668374,11.484213307988492,0,6,0
41.18794065245616,86.14098879159576,52.61278617948939,1,12,0
82.3098144329667,31.08644411539703,24.79408533319993,0,15,1
98.4831650840783,54.27141166731725,73.46133513992996,1,2,1
55.69121519588632,75.18094787552697,81.57911162749762,0,13,0
64.9785775794423,89.45891522263197,30.546703761139504,0,17,0
62.61050011300463,49.565728508540616,63.29592503936027,1,5,1
38.34224504620041,65.41964792750022,23.900017913684742,1,13,0
78.69718802952391,25.531195600580922,37.322438643494834,0,17,1
57.96695017945041,33.62552704894632,89.991594476329,1,1,1
86.18515185104765,25.53105299728916,58.968828233407976,1,15,1
89.08780489332909,78.23047135988176,89.72998256297801,0,6,2
88.38000112885996,43.044797497771256,30.272302376155626,1,9,1
62.08328987259221,77.89962321534702,39.702190892379946,0,15,0
55.900469345658465,25.311862323461966,52.385692461113536,1,0,1
83.67335067835856,89.00382403266603,53.20720676750886,0,0,1
87.090313199777,86.84241584888733,99.78831704653304,0,10,2
66.93173401543879,27.114299444022613,20.30007870740171,1,22,1
93.0470162698597,21.90052051657492,86.67685320414317,1,0,1
44.354065245106284,24.503105038559294,87.73138354796832,0,18,1
92.1394706778324,88.29041385173872,59.78787683840086,1,1,1
41.246190143172285,38.77627912415166,40.963345143323835,0,11,1
44.979158933549904,63.86186542865509,56.73034938594666,1,10,0
69.69960086280742,54.09953625440454,36.32209343259075,1,11,0
39.38870121218198,83.64204209828816,81.91967035959456,1,1,0
38.432461591007176,59.111864117653646,54.845124283929714,1,18,0
35.033718370770856,60.05286725290158,93.32579609897056,1,6,0
63.360582880127104,99.12735515999219,66.04222099204394,1,18,0
85.35055228399494,32.01036453994057,56.2887399803215,1,15,1
37.264492768194515,86.45631509967451,73.99624185798871,0,13,0
77.3967444202806,24.139979648310785,55.35396679872108,1,7,1
88.50327563205212,58.211901565837664,91.40557153775025,1,15,1
45.92005515756162,90.90678591464189,26.600136479815717,0,23,0
44.54614276339127,73.2171172483297,97.60138153713152,1,22,0
90.95206328533484,74.81716954929064,83.09714966660728,1,21,1
88.50309964675616,41.06538258051884,87.46600256783826,0,5,2
70.03121480717215,53.48598330891634,53.4617049133964,0,14,0
88.24799215410872,49.32648507992404,85.34813944038376,0,9,2
41.02914503259216,61.71545681263954,37.60966752194847,1,23,0
60.64129866601904,56.97823441149345,78.57533607077576,1,22,0
82.95684114691423,46.151868150159146,22.640514255012036,1,20,1
51.73437735605762,44.438448989693605,37.63467243662578,1,3,1
83.90137943818092,40.06823133240977,50.115939702375954,0,7,1
67.7716092854029,49.203779750780676,39.00877463290797,1,17,1
83.76728921663515,31.995318234724852,44.83154040617652,0,17,1
65.20417646072642,89.7683441602859,83.80942703053282,0,8,0
58.91378211441814,68.16955134667418,33.10083029279508,0,3,0
49.2472990711111,30.702914047508436,77.0753054939115,1,3,1
48.544657193275974,75.50874673672011,16.634086220048665,0,16,0
83.84690268714074,87.81331743983786,78.91651967635548,0,10,1
42.72917262220743,39.00285376418071,81.28209185467956,0,11,1
40.588852757211434,32.04804754698111,46.15288979522338,0,19,1
46.45893872643846,20.689380570700166,75.02300408507234,1,0,1
46.397523244504924,23.78002710851881,92.36245633705892,1,18,1
88.50199548244848,80.98010786428092,82.06416761990742,1,6,1
60.902930525823805,98.97490656333551,45.140185935726386,1,22,0
99.37524972843136,23.590425798102128,53.579216285205796,1,22,1
43.9187317563898,79.84567672639142,80.14217903072249,1,12,0
77.48008867008681,25.748973267276803,36.33351308642112,0,7,1
64.16741796808128,67.37062599229334,82.34944662779861,1,5,0
60.539681485309806,80.48602259425903,39.526402830484706,1,4,0
91.88047293851534,48.73635178141902,82.53915241469844,1,23,1
98.41371697884597,20.8747776888531,17.8120399015651,0,4,3
91.73583232032162,67.61514817003408,13.995756721953112,0,10,2
47.49954413728365,99.29957025120223,99.79079026328401,1,11,0
49.35186487858071,40.60939382707966,88.25114109112201,1,16,1
77.64480214117911,35.15930217497726,89.45627531195835,0,20,1
53.79043280648246,29.914071420281196,95.61519528459557,1,13,1
82.7571335007377,64.42044959200449,49.44846784730391,0,18,1
